kid1,kid2
{name:Daenerys},{name:Viserys}
{name:Rhaegar},{name:Viserys}
{name:Viserys},{name:Daenerys}
{name:Rhaegar},{name:Daenerys}
{name:Viserys},{name:Rhaegar}
{name:Daenerys},{name:Rhaegar}
{name:Arya},{name:Robb}
{name:Rickon},{name:Robb}
{name:Bran},{name:Robb}
{name:Sansa},{name:Robb}
{name:Robb},{name:Arya}
{name:Rickon},{name:Arya}
{name:Bran},{name:Arya}
{name:Sansa},{name:Arya}
{name:Robb},{name:Rickon}
{name:Arya},{name:Rickon}
{name:Bran},{name:Rickon}
{name:Sansa},{name:Rickon}
{name:Robb},{name:Bran}
{name:Arya},{name:Bran}
{name:Rickon},{name:Bran}
{name:Sansa},{name:Bran}
{name:Robb},{name:Sansa}
{name:Arya},{name:Sansa}
{name:Rickon},{name:Sansa}
{name:Bran},{name:Sansa}
{name:Myrcella},{name:Joffrey}
{name:Tommen},{name:Joffrey}
{name:Joffrey},{name:Myrcella}
{name:Tommen},{name:Myrcella}
{name:Joffrey},{name:Tommen}
{name:Myrcella},{name:Tommen}
{name:Robb},{name:Jon}
{name:Arya},{name:Jon}
{name:Rickon},{name:Jon}
{name:Bran},{name:Jon}
{name:Sansa},{name:Jon}
{name:Jon},{name:Robb}
{name:Arya},{name:Robb}
{name:Rickon},{name:Robb}
{name:Bran},{name:Robb}
{name:Sansa},{name:Robb}
{name:Jon},{name:Arya}
{name:Robb},{name:Arya}
{name:Rickon},{name:Arya}
{name:Bran},{name:Arya}
{name:Sansa},{name:Arya}
{name:Jon},{name:Rickon}
{name:Robb},{name:Rickon}
{name:Arya},{name:Rickon}
{name:Bran},{name:Rickon}
{name:Sansa},{name:Rickon}
{name:Jon},{name:Bran}
{name:Robb},{name:Bran}
{name:Arya},{name:Bran}
{name:Rickon},{name:Bran}
{name:Sansa},{name:Bran}
{name:Jon},{name:Sansa}
{name:Robb},{name:Sansa}
{name:Arya},{name:Sansa}
{name:Rickon},{name:Sansa}
{name:Bran},{name:Sansa}
{name:Catelyn},{name:Edmure}
{name:Lysa},{name:Edmure}
{name:Edmure},{name:Catelyn}
{name:Lysa},{name:Catelyn}
{name:Edmure},{name:Lysa}
{name:Catelyn},{name:Lysa}
{name:Myrcella},{name:Tommen}
{name:Joffrey},{name:Tommen}
{name:Tommen},{name:Myrcella}
{name:Joffrey},{name:Myrcella}
{name:Tommen},{name:Joffrey}
{name:Myrcella},{name:Joffrey}
{name:Jaime},{name:Cersei}
{name:Tyrion},{name:Cersei}
{name:Cersei},{name:Jaime}
{name:Tyrion},{name:Jaime}
{name:Cersei},{name:Tyrion}
{name:Jaime},{name:Tyrion}
{name:Roslin},{name:Lothar}
{name:Lothar},{name:Roslin}
{name:Loras},{name:Margaery}
{name:Margaery},{name:Loras}